,Country,Year,Total Measle Cases
0,Angola,2011,175.0
1,Angola,2012,4097.0
2,Angola,2013,5839.0
3,Angola,2014,10841.0
4,Angola,2015,99.0
5,Angola,2016,48.0
9,Burundi,2011,57.0
10,Burundi,2012,44.0
11,Burundi,2013,0.0
12,Burundi,2014,8.0
13,Burundi,2015,7.0
14,Burundi,2016,16.0
18,Benin,2011,402.0
19,Benin,2012,261.0
20,Benin,2013,676.0
21,Benin,2014,630.0
22,Benin,2015,47.0
23,Benin,2016,91.0
27,Burkina Faso,2011,273.0
28,Burkina Faso,2012,775.0
29,Burkina Faso,2013,361.0
30,Burkina Faso,2014,391.0
31,Burkina Faso,2015,84.0
32,Burkina Faso,2016,223.0
36,Botswana,2011,138.0
37,Botswana,2012,10.0
38,Botswana,2013,1.0
39,Botswana,2014,87.0
40,Botswana,2015,2.0
41,Botswana,2016,2.0
45,Central African Republic,2011,671.0
46,Central African Republic,2012,65.0
47,Central African Republic,2013,244.0
48,Central African Republic,2014,190.0
49,Central African Republic,2015,108.0
50,Central African Republic,2016,184.0
54,Cote d'Ivoire,2011,563.0
55,Cote d'Ivoire,2012,135.0
56,Cote d'Ivoire,2013,42.0
57,Cote d'Ivoire,2014,47.0
58,Cote d'Ivoire,2015,45.0
59,Cote d'Ivoire,2016,51.0
63,Cameroon,2011,853.0
64,Cameroon,2012,405.0
65,Cameroon,2013,679.0
66,Cameroon,2014,691.0
67,Cameroon,2015,1276.0
68,Cameroon,2016,614.0
72,Democratic Republic of the Congo,2011,1556.0
73,Democratic Republic of the Congo,2012,2190.0
74,Democratic Republic of the Congo,2013,2381.0
75,Democratic Republic of the Congo,2014,1344.0
76,Democratic Republic of the Congo,2015,4005.0
77,Democratic Republic of the Congo,2016,4823.0
81,Congo,2011,117.0
82,Congo,2012,226.0
83,Congo,2013,107.0
84,Congo,2014,65.0
85,Congo,2015,1198.0
86,Congo,2016,304.0
90,Comoros,2011,3.0
91,Comoros,2012,0.0
92,Comoros,2013,0.0
93,Comoros,2014,
94,Comoros,2015,0.0
95,Comoros,2016,0.0
99,Cabo Verde,2011,
100,Cabo Verde,2012,0.0
101,Cabo Verde,2013,0.0
102,Cabo Verde,2014,
103,Cabo Verde,2015,
104,Cabo Verde,2016,3.0
108,Algeria,2011,76.0
109,Algeria,2012,47.0
110,Algeria,2013,0.0
111,Algeria,2014,0.0
112,Algeria,2015,62.0
113,Algeria,2016,46.0
117,Eritrea,2011,14.0
118,Eritrea,2012,94.0
119,Eritrea,2013,43.0
120,Eritrea,2014,1.0
121,Eritrea,2015,85.0
122,Eritrea,2016,69.0
126,Ethiopia,2011,2277.0
127,Ethiopia,2012,2534.0
128,Ethiopia,2013,5535.0
129,Ethiopia,2014,11998.0
130,Ethiopia,2015,15546.0
131,Ethiopia,2016,3239.0
135,Gabon,2011,1.0
136,Gabon,2012,7.0
137,Gabon,2013,122.0
138,Gabon,2014,37.0
139,Gabon,2015,33.0
140,Gabon,2016,1517.0
144,Ghana,2011,132.0
145,Ghana,2012,314.0
146,Ghana,2013,269.0
147,Ghana,2014,97.0
148,Ghana,2015,50.0
149,Ghana,2016,449.0
153,Guinea,2011,15.0
154,Guinea,2012,14.0
155,Guinea,2013,59.0
156,Guinea,2014,164.0
157,Guinea,2015,13.0
158,Guinea,2016,311.0
162,Gambia,2011,0.0
163,Gambia,2012,0.0
164,Gambia,2013,1.0
165,Gambia,2014,1.0
166,Gambia,2015,21.0
167,Gambia,2016,1.0
171,Guinea-Bissau,2011,0.0
172,Guinea-Bissau,2012,3.0
173,Guinea-Bissau,2013,
174,Guinea-Bissau,2014,0.0
175,Guinea-Bissau,2015,
176,Guinea-Bissau,2016,
180,Equatorial Guinea,2011,0.0
181,Equatorial Guinea,2012,8.0
182,Equatorial Guinea,2013,6.0
183,Equatorial Guinea,2014,8.0
184,Equatorial Guinea,2015,1136.0
185,Equatorial Guinea,2016,1168.0
189,Kenya,2011,2358.0
190,Kenya,2012,2002.0
191,Kenya,2013,219.0
192,Kenya,2014,319.0
193,Kenya,2015,111.0
194,Kenya,2016,74.0
198,Liberia,2011,24.0
199,Liberia,2012,4.0
200,Liberia,2013,0.0
201,Liberia,2014,0.0
202,Liberia,2015,392.0
203,Liberia,2016,276.0
207,Lesotho,2011,0.0
208,Lesotho,2012,0.0
209,Lesotho,2013,147.0
210,Lesotho,2014,4.0
211,Lesotho,2015,1.0
212,Lesotho,2016,15.0
216,Madagascar,2011,1.0
217,Madagascar,2012,3.0
218,Madagascar,2013,7.0
219,Madagascar,2014,1.0
220,Madagascar,2015,6.0
221,Madagascar,2016,15.0
225,Mali,2011,25.0
226,Mali,2012,350.0
227,Mali,2013,268.0
228,Mali,2014,265.0
229,Mali,2015,227.0
230,Mali,2016,101.0
234,Mozambique,2011,132.0
235,Mozambique,2012,126.0
236,Mozambique,2013,55.0
237,Mozambique,2014,79.0
238,Mozambique,2015,420.0
239,Mozambique,2016,127.0
243,Mauritania,2011,189.0
244,Mauritania,2012,3.0
245,Mauritania,2013,7.0
246,Mauritania,2014,14.0
247,Mauritania,2015,1.0
248,Mauritania,2016,14.0
252,Mauritius,2011,
253,Mauritius,2012,
254,Mauritius,2013,
255,Mauritius,2014,
256,Mauritius,2015,
257,Mauritius,2016,
261,Malawi,2011,19.0
262,Malawi,2012,10.0
263,Malawi,2013,1.0
264,Malawi,2014,4.0
265,Malawi,2015,19.0
266,Malawi,2016,4.0
270,Namibia,2011,79.0
271,Namibia,2012,103.0
272,Namibia,2013,756.0
273,Namibia,2014,872.0
274,Namibia,2015,1024.0
275,Namibia,2016,42.0
279,Niger,2011,645.0
280,Niger,2012,286.0
281,Niger,2013,714.0
282,Niger,2014,345.0
283,Niger,2015,739.0
284,Niger,2016,680.0
288,Nigeria,2011,14548.0
289,Nigeria,2012,6049.0
290,Nigeria,2013,48788.0
291,Nigeria,2014,5293.0
292,Nigeria,2015,11750.0
293,Nigeria,2016,14943.0
297,Rwanda,2011,19.0
298,Rwanda,2012,79.0
299,Rwanda,2013,10.0
300,Rwanda,2014,41.0
301,Rwanda,2015,1.0
302,Rwanda,2016,59.0
306,Senegal,2011,17.0
307,Senegal,2012,53.0
308,Senegal,2013,9.0
309,Senegal,2014,34.0
310,Senegal,2015,58.0
311,Senegal,2016,227.0
315,Sierra Leone,2011,11.0
316,Sierra Leone,2012,37.0
317,Sierra Leone,2013,11.0
318,Sierra Leone,2014,29.0
319,Sierra Leone,2015,130.0
320,Sierra Leone,2016,151.0
324,South Sudan,2011,
325,South Sudan,2012,1849.0
326,South Sudan,2013,404.0
327,South Sudan,2014,61.0
328,South Sudan,2015,355.0
329,South Sudan,2016,874.0
333,Sao Tome and Principe,2011,
334,Sao Tome and Principe,2012,
335,Sao Tome and Principe,2013,
336,Sao Tome and Principe,2014,
337,Sao Tome and Principe,2015,0.0
338,Sao Tome and Principe,2016,
342,Kingdom of Eswatini,2011,0.0
343,Kingdom of Eswatini,2012,0.0
344,Kingdom of Eswatini,2013,0.0
345,Kingdom of Eswatini,2014,0.0
346,Kingdom of Eswatini,2015,0.0
347,Kingdom of Eswatini,2016,1.0
351,Seychelles,2011,
352,Seychelles,2012,
353,Seychelles,2013,
354,Seychelles,2014,
355,Seychelles,2015,
356,Seychelles,2016,
360,Chad,2011,142.0
361,Chad,2012,114.0
362,Chad,2013,198.0
363,Chad,2014,1043.0
364,Chad,2015,394.0
365,Chad,2016,149.0
369,Togo,2011,156.0
370,Togo,2012,222.0
371,Togo,2013,246.0
372,Togo,2014,125.0
373,Togo,2015,19.0
374,Togo,2016,148.0
378,United Republic of Tanzania,2011,1723.0
379,United Republic of Tanzania,2012,976.0
380,United Republic of Tanzania,2013,426.0
381,United Republic of Tanzania,2014,390.0
382,United Republic of Tanzania,2015,422.0
383,United Republic of Tanzania,2016,100.0
387,Uganda,2011,130.0
388,Uganda,2012,530.0
389,Uganda,2013,315.0
390,Uganda,2014,226.0
391,Uganda,2015,443.0
392,Uganda,2016,237.0
396,South Africa,2011,115.0
397,South Africa,2012,35.0
398,South Africa,2013,49.0
399,South Africa,2014,141.0
400,South Africa,2015,595.0
401,South Africa,2016,22.0
405,Zambia,2011,10168.0
406,Zambia,2012,419.0
407,Zambia,2013,1.0
408,Zambia,2014,16.0
409,Zambia,2015,28.0
410,Zambia,2016,5.0
414,Zimbabwe,2011,2.0
415,Zimbabwe,2012,0.0
416,Zimbabwe,2013,1.0
417,Zimbabwe,2014,66.0
418,Zimbabwe,2015,1.0
419,Zimbabwe,2016,2.0
423,Argentina,2011,2.0
424,Argentina,2012,3.0
425,Argentina,2013,0.0
426,Argentina,2014,1.0
427,Argentina,2015,0.0
428,Argentina,2016,0.0
432,Antigua and Barbuda,2011,
433,Antigua and Barbuda,2012,
434,Antigua and Barbuda,2013,
435,Antigua and Barbuda,2014,
436,Antigua and Barbuda,2015,
437,Antigua and Barbuda,2016,0.0
441,Bahamas,2011,
442,Bahamas,2012,
443,Bahamas,2013,
444,Bahamas,2014,0.0
445,Bahamas,2015,
446,Bahamas,2016,0.0
450,Belize,2011,0.0
451,Belize,2012,0.0
452,Belize,2013,0.0
453,Belize,2014,0.0
454,Belize,2015,0.0
455,Belize,2016,0.0
459,Bolivia (Plurinational State of),2011,0.0
460,Bolivia (Plurinational State of),2012,0.0
461,Bolivia (Plurinational State of),2013,0.0
462,Bolivia (Plurinational State of),2014,0.0
463,Bolivia (Plurinational State of),2015,0.0
464,Bolivia (Plurinational State of),2016,0.0
468,Brazil,2011,
469,Brazil,2012,1.0
470,Brazil,2013,188.0
471,Brazil,2014,629.0
472,Brazil,2015,154.0
473,Brazil,2016,0.0
477,Barbados,2011,
478,Barbados,2012,
479,Barbados,2013,
480,Barbados,2014,0.0
481,Barbados,2015,0.0
482,Barbados,2016,0.0
486,Canada,2011,
487,Canada,2012,9.0
488,Canada,2013,82.0
489,Canada,2014,418.0
490,Canada,2015,180.0
491,Canada,2016,9.0
495,Chile,2011,
496,Chile,2012,
497,Chile,2013,
498,Chile,2014,0.0
499,Chile,2015,9.0
500,Chile,2016,0.0
504,Colombia,2011,6.0
505,Colombia,2012,1.0
506,Colombia,2013,1.0
507,Colombia,2014,0.0
508,Colombia,2015,1.0
509,Colombia,2016,0.0
513,Costa Rica,2011,
514,Costa Rica,2012,
515,Costa Rica,2013,
516,Costa Rica,2014,1.0
517,Costa Rica,2015,0.0
518,Costa Rica,2016,0.0
522,Cuba,2011,
523,Cuba,2012,0.0
524,Cuba,2013,0.0
525,Cuba,2014,0.0
526,Cuba,2015,0.0
527,Cuba,2016,0.0
531,Dominica,2011,
532,Dominica,2012,
533,Dominica,2013,
534,Dominica,2014,0.0
535,Dominica,2015,
536,Dominica,2016,0.0
540,Dominican Republic,2011,1.0
541,Dominican Republic,2012,0.0
542,Dominican Republic,2013,0.0
543,Dominican Republic,2014,0.0
544,Dominican Republic,2015,0.0
545,Dominican Republic,2016,0.0
549,Ecuador,2011,22.0
550,Ecuador,2012,43.0
551,Ecuador,2013,
552,Ecuador,2014,0.0
553,Ecuador,2015,0.0
554,Ecuador,2016,1.0
558,Grenada,2011,
559,Grenada,2012,
560,Grenada,2013,
561,Grenada,2014,
562,Grenada,2015,0.0
563,Grenada,2016,0.0
567,Guatemala,2011,
568,Guatemala,2012,
569,Guatemala,2013,
570,Guatemala,2014,0.0
571,Guatemala,2015,0.0
572,Guatemala,2016,0.0
576,Guyana,2011,0.0
577,Guyana,2012,0.0
578,Guyana,2013,0.0
579,Guyana,2014,0.0
580,Guyana,2015,0.0
581,Guyana,2016,0.0
585,Honduras,2011,
586,Honduras,2012,
587,Honduras,2013,
588,Honduras,2014,0.0
589,Honduras,2015,0.0
590,Honduras,2016,0.0
594,Haiti,2011,
595,Haiti,2012,
596,Haiti,2013,
597,Haiti,2014,0.0
598,Haiti,2015,0.0
599,Haiti,2016,0.0
603,Jamaica,2011,1.0
604,Jamaica,2012,0.0
605,Jamaica,2013,0.0
606,Jamaica,2014,0.0
607,Jamaica,2015,0.0
608,Jamaica,2016,0.0
612,Saint Kitts and Nevis,2011,
613,Saint Kitts and Nevis,2012,
614,Saint Kitts and Nevis,2013,
615,Saint Kitts and Nevis,2014,
616,Saint Kitts and Nevis,2015,
617,Saint Kitts and Nevis,2016,0.0
621,Saint Lucia,2011,
622,Saint Lucia,2012,
623,Saint Lucia,2013,
624,Saint Lucia,2014,0.0
625,Saint Lucia,2015,
626,Saint Lucia,2016,
630,Mexico,2011,
631,Mexico,2012,0.0
632,Mexico,2013,0.0
633,Mexico,2014,0.0
634,Mexico,2015,0.0
635,Mexico,2016,0.0
639,Nicaragua,2011,0.0
640,Nicaragua,2012,0.0
641,Nicaragua,2013,0.0
642,Nicaragua,2014,0.0
643,Nicaragua,2015,0.0
644,Nicaragua,2016,0.0
648,Panama,2011,4.0
649,Panama,2012,0.0
650,Panama,2013,0.0
651,Panama,2014,0.0
652,Panama,2015,0.0
653,Panama,2016,0.0
657,Peru,2011,0.0
658,Peru,2012,0.0
659,Peru,2013,0.0
660,Peru,2014,0.0
661,Peru,2015,4.0
662,Peru,2016,0.0
666,Paraguay,2011,
667,Paraguay,2012,
668,Paraguay,2013,
669,Paraguay,2014,0.0
670,Paraguay,2015,0.0
671,Paraguay,2016,0.0
675,El Salvador,2011,
676,El Salvador,2012,
677,El Salvador,2013,
678,El Salvador,2014,0.0
679,El Salvador,2015,0.0
680,El Salvador,2016,0.0
684,Suriname,2011,0.0
685,Suriname,2012,0.0
686,Suriname,2013,0.0
687,Suriname,2014,0.0
688,Suriname,2015,0.0
689,Suriname,2016,0.0
693,Trinidad and Tobago,2011,
694,Trinidad and Tobago,2012,
695,Trinidad and Tobago,2013,
696,Trinidad and Tobago,2014,0.0
697,Trinidad and Tobago,2015,0.0
698,Trinidad and Tobago,2016,0.0
702,Uruguay,2011,
703,Uruguay,2012,
704,Uruguay,2013,
705,Uruguay,2014,0.0
706,Uruguay,2015,0.0
707,Uruguay,2016,
711,USA,2011,
712,USA,2012,55.0
713,USA,2013,179.0
714,USA,2014,668.0
715,USA,2015,76.0
716,USA,2016,80.0
720,Saint Vincent and the Grenadines,2011,
721,Saint Vincent and the Grenadines,2012,
722,Saint Vincent and the Grenadines,2013,
723,Saint Vincent and the Grenadines,2014,
724,Saint Vincent and the Grenadines,2015,
725,Saint Vincent and the Grenadines,2016,
729,Venezuela (Bolivarian Republic of),2011,0.0
730,Venezuela (Bolivarian Republic of),2012,1.0
731,Venezuela (Bolivarian Republic of),2013,0.0
732,Venezuela (Bolivarian Republic of),2014,0.0
733,Venezuela (Bolivarian Republic of),2015,0.0
734,Venezuela (Bolivarian Republic of),2016,1.0
738,Afghanistan,2011,1246.0
739,Afghanistan,2012,2311.0
740,Afghanistan,2013,394.0
741,Afghanistan,2014,483.0
742,Afghanistan,2015,1096.0
743,Afghanistan,2016,633.0
747,United Arab Emirates,2011,143.0
748,United Arab Emirates,2012,96.0
749,United Arab Emirates,2013,295.0
750,United Arab Emirates,2014,307.0
751,United Arab Emirates,2015,764.0
752,United Arab Emirates,2016,194.0
756,Bahrain,2011,0.0
757,Bahrain,2012,0.0
758,Bahrain,2013,0.0
759,Bahrain,2014,0.0
760,Bahrain,2015,0.0
761,Bahrain,2016,0.0
765,Djibouti,2011,18.0
766,Djibouti,2012,0.0
767,Djibouti,2013,
768,Djibouti,2014,6.0
769,Djibouti,2015,26.0
770,Djibouti,2016,
774,Egypt,2011,20.0
775,Egypt,2012,241.0
776,Egypt,2013,409.0
777,Egypt,2014,2224.0
778,Egypt,2015,4815.0
779,Egypt,2016,188.0
783,Iran (Islamic Republic of),2011,163.0
784,Iran (Islamic Republic of),2012,220.0
785,Iran (Islamic Republic of),2013,113.0
786,Iran (Islamic Republic of),2014,60.0
787,Iran (Islamic Republic of),2015,791.0
788,Iran (Islamic Republic of),2016,77.0
792,Iraq,2011,14.0
793,Iraq,2012,21.0
794,Iraq,2013,662.0
795,Iraq,2014,1129.0
796,Iraq,2015,1364.0
797,Iraq,2016,23.0
801,Jordan,2011,0.0
802,Jordan,2012,3.0
803,Jordan,2013,118.0
804,Jordan,2014,12.0
805,Jordan,2015,0.0
806,Jordan,2016,0.0
810,Kuwait,2011,74.0
811,Kuwait,2012,27.0
812,Kuwait,2013,58.0
813,Kuwait,2014,
814,Kuwait,2015,230.0
815,Kuwait,2016,6.0
819,Lebanon,2011,6.0
820,Lebanon,2012,9.0
821,Lebanon,2013,1737.0
822,Lebanon,2014,210.0
823,Lebanon,2015,39.0
824,Lebanon,2016,42.0
828,Libya,2011,125.0
829,Libya,2012,325.0
830,Libya,2013,163.0
831,Libya,2014,126.0
832,Libya,2015,42.0
833,Libya,2016,28.0
837,Morocco,2011,415.0
838,Morocco,2012,256.0
839,Morocco,2013,54.0
840,Morocco,2014,10.0
841,Morocco,2015,302.0
842,Morocco,2016,3.0
846,Oman,2011,3.0
847,Oman,2012,3.0
848,Oman,2013,0.0
849,Oman,2014,14.0
850,Oman,2015,13.0
851,Oman,2016,149.0
855,Pakistan,2011,2518.0
856,Pakistan,2012,7620.0
857,Pakistan,2013,4157.0
858,Pakistan,2014,1264.0
859,Pakistan,2015,1082.0
860,Pakistan,2016,2704.0
864,Qatar,2011,
865,Qatar,2012,163.0
866,Qatar,2013,55.0
867,Qatar,2014,42.0
868,Qatar,2015,20.0
869,Qatar,2016,28.0
873,Saudi Arabia,2011,532.0
874,Saudi Arabia,2012,242.0
875,Saudi Arabia,2013,224.0
876,Saudi Arabia,2014,137.0
877,Saudi Arabia,2015,269.0
878,Saudi Arabia,2016,103.0
882,Sudan,2011,5335.0
883,Sudan,2012,7937.0
884,Sudan,2013,2554.0
885,Sudan,2014,660.0
886,Sudan,2015,3198.0
887,Sudan,2016,1685.0
891,Somalia,2011,73.0
892,Somalia,2012,129.0
893,Somalia,2013,190.0
894,Somalia,2014,946.0
895,Somalia,2015,100.0
896,Somalia,2016,27.0
900,Syrian Arab Republic,2011,2.0
901,Syrian Arab Republic,2012,13.0
902,Syrian Arab Republic,2013,395.0
903,Syrian Arab Republic,2014,549.0
904,Syrian Arab Republic,2015,44.0
905,Syrian Arab Republic,2016,66.0
909,Tunisia,2011,14.0
910,Tunisia,2012,45.0
911,Tunisia,2013,17.0
912,Tunisia,2014,15.0
913,Tunisia,2015,16.0
914,Tunisia,2016,6.0
918,Yemen,2011,725.0
919,Yemen,2012,1483.0
920,Yemen,2013,534.0
921,Yemen,2014,683.0
922,Yemen,2015,410.0
923,Yemen,2016,120.0
927,Albania,2011,0.0
928,Albania,2012,0.0
929,Albania,2013,0.0
930,Albania,2014,0.0
931,Albania,2015,0.0
932,Albania,2016,0.0
936,Andorra,2011,0.0
937,Andorra,2012,0.0
938,Andorra,2013,0.0
939,Andorra,2014,0.0
940,Andorra,2015,0.0
941,Andorra,2016,0.0
945,Armenia,2011,0.0
946,Armenia,2012,0.0
947,Armenia,2013,11.0
948,Armenia,2014,13.0
949,Armenia,2015,31.0
950,Armenia,2016,2.0
954,Austria,2011,206.0
955,Austria,2012,29.0
956,Austria,2013,75.0
957,Austria,2014,87.0
958,Austria,2015,267.0
959,Austria,2016,28.0
963,Azerbaijan,2011,0.0
964,Azerbaijan,2012,2.0
965,Azerbaijan,2013,148.0
966,Azerbaijan,2014,5.0
967,Azerbaijan,2015,0.0
968,Azerbaijan,2016,0.0
972,Belgium,2011,1145.0
973,Belgium,2012,94.0
974,Belgium,2013,43.0
975,Belgium,2014,71.0
976,Belgium,2015,54.0
977,Belgium,2016,75.0
981,Bulgaria,2011,81.0
982,Bulgaria,2012,1.0
983,Bulgaria,2013,14.0
984,Bulgaria,2014,0.0
985,Bulgaria,2015,0.0
986,Bulgaria,2016,1.0
990,Bosnia and Herzegovina,2011,5.0
991,Bosnia and Herzegovina,2012,
992,Bosnia and Herzegovina,2013,5.0
993,Bosnia and Herzegovina,2014,2203.0
994,Bosnia and Herzegovina,2015,1783.0
995,Bosnia and Herzegovina,2016,27.0
999,Belarus,2011,51.0
1000,Belarus,2012,7.0
1001,Belarus,2013,16.0
1002,Belarus,2014,65.0
1003,Belarus,2015,4.0
1004,Belarus,2016,29.0
1008,Switzerland,2011,579.0
1009,Switzerland,2012,59.0
1010,Switzerland,2013,170.0
1011,Switzerland,2014,18.0
1012,Switzerland,2015,33.0
1013,Switzerland,2016,64.0
1017,Cyprus,2011,0.0
1018,Cyprus,2012,1.0
1019,Cyprus,2013,0.0
1020,Cyprus,2014,10.0
1021,Cyprus,2015,0.0
1022,Cyprus,2016,0.0
1026,Czech Republic,2011,18.0
1027,Czech Republic,2012,17.0
1028,Czech Republic,2013,15.0
1029,Czech Republic,2014,222.0
1030,Czech Republic,2015,5.0
1031,Czech Republic,2016,7.0
1035,Germany,2011,1530.0
1036,Germany,2012,153.0
1037,Germany,2013,1771.0
1038,Germany,2014,509.0
1039,Germany,2015,1952.0
1040,Germany,2016,321.0
1044,Denmark,2011,77.0
1045,Denmark,2012,1.0
1046,Denmark,2013,14.0
1047,Denmark,2014,29.0
1048,Denmark,2015,9.0
1049,Denmark,2016,3.0
1053,Spain,2011,3363.0
1054,Spain,2012,1031.0
1055,Spain,2013,126.0
1056,Spain,2014,143.0
1057,Spain,2015,47.0
1058,Spain,2016,38.0
1062,Estonia,2011,7.0
1063,Estonia,2012,4.0
1064,Estonia,2013,2.0
1065,Estonia,2014,0.0
1066,Estonia,2015,4.0
1067,Estonia,2016,1.0
1071,Finland,2011,28.0
1072,Finland,2012,4.0
1073,Finland,2013,2.0
1074,Finland,2014,1.0
1075,Finland,2015,1.0
1076,Finland,2016,5.0
1080,France,2011,13654.0
1081,France,2012,753.0
1082,France,2013,246.0
1083,France,2014,227.0
1084,France,2015,365.0
1085,France,2016,61.0
1089,United Kingdom of Great Britain and Northern Ireland,2011,1052.0
1090,United Kingdom of Great Britain and Northern Ireland,2012,1864.0
1091,United Kingdom of Great Britain and Northern Ireland,2013,1626.0
1092,United Kingdom of Great Britain and Northern Ireland,2014,98.0
1093,United Kingdom of Great Britain and Northern Ireland,2015,86.0
1094,United Kingdom of Great Britain and Northern Ireland,2016,567.0
1098,Georgia,2011,64.0
1099,Georgia,2012,29.0
1100,Georgia,2013,7864.0
1101,Georgia,2014,2990.0
1102,Georgia,2015,386.0
1103,Georgia,2016,13.0
1107,Greece,2011,40.0
1108,Greece,2012,3.0
1109,Greece,2013,0.0
1110,Greece,2014,1.0
1111,Greece,2015,1.0
1112,Greece,2016,0.0
1116,Croatia,2011,5.0
1117,Croatia,2012,3.0
1118,Croatia,2013,1.0
1119,Croatia,2014,16.0
1120,Croatia,2015,167.0
1121,Croatia,2016,4.0
1125,Hungary,2011,0.0
1126,Hungary,2012,1.0
1127,Hungary,2013,1.0
1128,Hungary,2014,0.0
1129,Hungary,2015,0.0
1130,Hungary,2016,0.0
1134,Ireland,2011,193.0
1135,Ireland,2012,102.0
1136,Ireland,2013,50.0
1137,Ireland,2014,32.0
1138,Ireland,2015,11.0
1139,Ireland,2016,43.0
1143,Iceland,2011,0.0
1144,Iceland,2012,0.0
1145,Iceland,2013,0.0
1146,Iceland,2014,1.0
1147,Iceland,2015,0.0
1148,Iceland,2016,1.0
1152,Israel,2011,46.0
1153,Israel,2012,146.0
1154,Israel,2013,55.0
1155,Israel,2014,2.0
1156,Israel,2015,75.0
1157,Israel,2016,9.0
1161,Italy,2011,4852.0
1162,Italy,2012,548.0
1163,Italy,2013,2171.0
1164,Italy,2014,2267.0
1165,Italy,2015,250.0
1166,Italy,2016,783.0
1170,Kazakhstan,2011,28.0
1171,Kazakhstan,2012,108.0
1172,Kazakhstan,2013,73.0
1173,Kazakhstan,2014,305.0
1174,Kazakhstan,2015,2120.0
1175,Kazakhstan,2016,104.0
1179,Kyrgyzstan,2011,208.0
1180,Kyrgyzstan,2012,0.0
1181,Kyrgyzstan,2013,0.0
1182,Kyrgyzstan,2014,318.0
1183,Kyrgyzstan,2015,15709.0
1184,Kyrgyzstan,2016,0.0
1188,Lithuania,2011,7.0
1189,Lithuania,2012,2.0
1190,Lithuania,2013,35.0
1191,Lithuania,2014,11.0
1192,Lithuania,2015,51.0
1193,Lithuania,2016,22.0
1197,Luxembourg,2011,6.0
1198,Luxembourg,2012,2.0
1199,Luxembourg,2013,0.0
1200,Luxembourg,2014,1.0
1201,Luxembourg,2015,0.0
1202,Luxembourg,2016,0.0
1206,Latvia,2011,0.0
1207,Latvia,2012,2.0
1208,Latvia,2013,0.0
1209,Latvia,2014,36.0
1210,Latvia,2015,0.0
1211,Latvia,2016,0.0
1215,Monaco,2011,
1216,Monaco,2012,0.0
1217,Monaco,2013,
1218,Monaco,2014,
1219,Monaco,2015,
1220,Monaco,2016,
1224,Republic of Moldova,2011,0.0
1225,Republic of Moldova,2012,4.0
1226,Republic of Moldova,2013,27.0
1227,Republic of Moldova,2014,2.0
1228,Republic of Moldova,2015,0.0
1229,Republic of Moldova,2016,0.0
1233,The Republic of North Macedonia ,2011,643.0
1234,The Republic of North Macedonia ,2012,6.0
1235,The Republic of North Macedonia ,2013,4.0
1236,The Republic of North Macedonia ,2014,101.0
1237,The Republic of North Macedonia ,2015,1.0
1238,The Republic of North Macedonia ,2016,0.0
1242,Malta,2011,4.0
1243,Malta,2012,0.0
1244,Malta,2013,1.0
1245,Malta,2014,0.0
1246,Malta,2015,1.0
1247,Malta,2016,0.0
1251,Montenegro,2011,5.0
1252,Montenegro,2012,0.0
1253,Montenegro,2013,0.0
1254,Montenegro,2014,7.0
1255,Montenegro,2015,11.0
1256,Montenegro,2016,0.0
1260,Netherlands,2011,91.0
1261,Netherlands,2012,10.0
1262,Netherlands,2013,2639.0
1263,Netherlands,2014,98.0
1264,Netherlands,2015,7.0
1265,Netherlands,2016,6.0
1269,Norway,2011,36.0
1270,Norway,2012,4.0
1271,Norway,2013,8.0
1272,Norway,2014,3.0
1273,Norway,2015,14.0
1274,Norway,2016,0.0
1278,Poland,2011,36.0
1279,Poland,2012,72.0
1280,Poland,2013,78.0
1281,Poland,2014,81.0
1282,Poland,2015,46.0
1283,Poland,2016,138.0
1287,Portugal,2011,2.0
1288,Portugal,2012,6.0
1289,Portugal,2013,1.0
1290,Portugal,2014,0.0
1291,Portugal,2015,0.0
1292,Portugal,2016,0.0
1296,Romania,2011,4031.0
1297,Romania,2012,5148.0
1298,Romania,2013,931.0
1299,Romania,2014,34.0
1300,Romania,2015,6.0
1301,Romania,2016,2426.0
1305,Russian Federation,2011,758.0
1306,Russian Federation,2012,1351.0
1307,Russian Federation,2013,2479.0
1308,Russian Federation,2014,2093.0
1309,Russian Federation,2015,534.0
1310,Russian Federation,2016,175.0
1314,San Marino,2011,
1315,San Marino,2012,
1316,San Marino,2013,
1317,San Marino,2014,
1318,San Marino,2015,
1319,San Marino,2016,
1323,Serbia,2011,313.0
1324,Serbia,2012,0.0
1325,Serbia,2013,1.0
1326,Serbia,2014,35.0
1327,Serbia,2015,284.0
1328,Serbia,2016,14.0
1332,Slovakia,2011,2.0
1333,Slovakia,2012,1.0
1334,Slovakia,2013,0.0
1335,Slovakia,2014,0.0
1336,Slovakia,2015,0.0
1337,Slovakia,2016,0.0
1341,Slovenia,2011,22.0
1342,Slovenia,2012,1.0
1343,Slovenia,2013,1.0
1344,Slovenia,2014,52.0
1345,Slovenia,2015,12.0
1346,Slovenia,2016,1.0
1350,Sweden,2011,22.0
1351,Sweden,2012,29.0
1352,Sweden,2013,46.0
1353,Sweden,2014,21.0
1354,Sweden,2015,19.0
1355,Sweden,2016,3.0
1359,Tajikistan,2011,0.0
1360,Tajikistan,2012,7.0
1361,Tajikistan,2013,0.0
1362,Tajikistan,2014,0.0
1363,Tajikistan,2015,0.0
1364,Tajikistan,2016,52.0
1368,Turkmenistan,2011,0.0
1369,Turkmenistan,2012,0.0
1370,Turkmenistan,2013,0.0
1371,Turkmenistan,2014,
1372,Turkmenistan,2015,
1373,Turkmenistan,2016,
1377,Turkey,2011,99.0
1378,Turkey,2012,694.0
1379,Turkey,2013,6829.0
1380,Turkey,2014,477.0
1381,Turkey,2015,335.0
1382,Turkey,2016,9.0
1386,Ukraine,2011,1313.0
1387,Ukraine,2012,10435.0
1388,Ukraine,2013,2889.0
1389,Ukraine,2014,1932.0
1390,Ukraine,2015,116.0
1391,Ukraine,2016,86.0
1395,Uzbekistan,2011,424.0
1396,Uzbekistan,2012,0.0
1397,Uzbekistan,2013,0.0
1398,Uzbekistan,2014,8.0
1399,Uzbekistan,2015,19.0
1400,Uzbekistan,2016,1.0
1404,Bangladesh,2011,4700.0
1405,Bangladesh,2012,1391.0
1406,Bangladesh,2013,289.0
1407,Bangladesh,2014,336.0
1408,Bangladesh,2015,342.0
1409,Bangladesh,2016,986.0
1413,Bhutan,2011,10.0
1414,Bhutan,2012,15.0
1415,Bhutan,2013,0.0
1416,Bhutan,2014,0.0
1417,Bhutan,2015,12.0
1418,Bhutan,2016,82.0
1422,Indonesia,2011,20968.0
1423,Indonesia,2012,14452.0
1424,Indonesia,2013,8873.0
1425,Indonesia,2014,8451.0
1426,Indonesia,2015,5282.0
1427,Indonesia,2016,6372.0
1431,India,2011,
1432,India,2012,
1433,India,2013,
1434,India,2014,73038.0
1435,India,2015,71697.0
1436,India,2016,60859.0
1440,Sri Lanka,2011,333.0
1441,Sri Lanka,2012,40.0
1442,Sri Lanka,2013,3926.0
1443,Sri Lanka,2014,2153.0
1444,Sri Lanka,2015,1860.0
1445,Sri Lanka,2016,86.0
1449,Maldives,2011,0.0
1450,Maldives,2012,0.0
1451,Maldives,2013,0.0
1452,Maldives,2014,7.0
1453,Maldives,2015,0.0
1454,Maldives,2016,0.0
1458,Myanmar,2011,1762.0
1459,Myanmar,2012,1518.0
1460,Myanmar,2013,940.0
1461,Myanmar,2014,110.0
1462,Myanmar,2015,4.0
1463,Myanmar,2016,266.0
1467,Nepal,2011,1079.0
1468,Nepal,2012,453.0
1469,Nepal,2013,44.0
1470,Nepal,2014,64.0
1471,Nepal,2015,395.0
1472,Nepal,2016,198.0
1476,Democratic People's Republic of Korea,2011,0.0
1477,Democratic People's Republic of Korea,2012,0.0
1478,Democratic People's Republic of Korea,2013,8.0
1479,Democratic People's Republic of Korea,2014,0.0
1480,Democratic People's Republic of Korea,2015,0.0
1481,Democratic People's Republic of Korea,2016,7.0
1485,Thailand,2011,2731.0
1486,Thailand,2012,3461.0
1487,Thailand,2013,1835.0
1488,Thailand,2014,775.0
1489,Thailand,2015,184.0
1490,Thailand,2016,971.0
1494,Timor-Leste,2011,759.0
1495,Timor-Leste,2012,12.0
1496,Timor-Leste,2013,4.0
1497,Timor-Leste,2014,52.0
1498,Timor-Leste,2015,11.0
1499,Timor-Leste,2016,12.0
1503,Australia,2011,171.0
1504,Australia,2012,196.0
1505,Australia,2013,151.0
1506,Australia,2014,262.0
1507,Australia,2015,64.0
1508,Australia,2016,93.0
1512,Brunei Darussalam,2011,4.0
1513,Brunei Darussalam,2012,1.0
1514,Brunei Darussalam,2013,0.0
1515,Brunei Darussalam,2014,0.0
1516,Brunei Darussalam,2015,4.0
1517,Brunei Darussalam,2016,1.0
1521,China,2011,9394.0
1522,China,2012,5816.0
1523,China,2013,26210.0
1524,China,2014,50396.0
1525,China,2015,40176.0
1526,China,2016,23809.0
1530,Cook Islands,2011,0.0
1531,Cook Islands,2012,0.0
1532,Cook Islands,2013,0.0
1533,Cook Islands,2014,0.0
1534,Cook Islands,2015,0.0
1535,Cook Islands,2016,0.0
1539,Fiji,2011,0.0
1540,Fiji,2012,0.0
1541,Fiji,2013,0.0
1542,Fiji,2014,0.0
1543,Fiji,2015,1.0
1544,Fiji,2016,5.0
1548,Micronesia (Federated States of),2011,0.0
1549,Micronesia (Federated States of),2012,0.0
1550,Micronesia (Federated States of),2013,0.0
1551,Micronesia (Federated States of),2014,257.0
1552,Micronesia (Federated States of),2015,0.0
1553,Micronesia (Federated States of),2016,0.0
1557,Japan,2011,373.0
1558,Japan,2012,200.0
1559,Japan,2013,186.0
1560,Japan,2014,379.0
1561,Japan,2015,32.0
1562,Japan,2016,162.0
1566,Cambodia,2011,696.0
1567,Cambodia,2012,0.0
1568,Cambodia,2013,0.0
1569,Cambodia,2014,0.0
1570,Cambodia,2015,0.0
1571,Cambodia,2016,54.0
1575,Kiribati,2011,0.0
1576,Kiribati,2012,0.0
1577,Kiribati,2013,0.0
1578,Kiribati,2014,0.0
1579,Kiribati,2015,0.0
1580,Kiribati,2016,0.0
1584,Republic of Korea,2011,43.0
1585,Republic of Korea,2012,2.0
1586,Republic of Korea,2013,106.0
1587,Republic of Korea,2014,437.0
1588,Republic of Korea,2015,7.0
1589,Republic of Korea,2016,18.0
1593,Lao People's Democratic Republic,2011,113.0
1594,Lao People's Democratic Republic,2012,35.0
1595,Lao People's Democratic Republic,2013,41.0
1596,Lao People's Democratic Republic,2014,71.0
1597,Lao People's Democratic Republic,2015,55.0
1598,Lao People's Democratic Republic,2016,8.0
1602,Marshall Islands,2011,0.0
1603,Marshall Islands,2012,0.0
1604,Marshall Islands,2013,0.0
1605,Marshall Islands,2014,0.0
1606,Marshall Islands,2015,0.0
1607,Marshall Islands,2016,0.0
1611,Mongolia,2011,0.0
1612,Mongolia,2012,0.0
1613,Mongolia,2013,0.0
1614,Mongolia,2014,0.0
1615,Mongolia,2015,20369.0
1616,Mongolia,2016,25640.0
1620,Malaysia,2011,1587.0
1621,Malaysia,2012,1667.0
1622,Malaysia,2013,157.0
1623,Malaysia,2014,219.0
1624,Malaysia,2015,1303.0
1625,Malaysia,2016,1371.0
1629,Niue,2011,0.0
1630,Niue,2012,0.0
1631,Niue,2013,0.0
1632,Niue,2014,0.0
1633,Niue,2015,0.0
1634,Niue,2016,0.0
1638,Nauru,2011,0.0
1639,Nauru,2012,0.0
1640,Nauru,2013,0.0
1641,Nauru,2014,0.0
1642,Nauru,2015,0.0
1643,Nauru,2016,0.0
1647,New Zealand,2011,588.0
1648,New Zealand,2012,31.0
1649,New Zealand,2013,17.0
1650,New Zealand,2014,254.0
1651,New Zealand,2015,11.0
1652,New Zealand,2016,103.0
1656,Philippines,2011,5243.0
1657,Philippines,2012,1294.0
1658,Philippines,2013,4783.0
1659,Philippines,2014,36678.0
1660,Philippines,2015,1630.0
1661,Philippines,2016,582.0
1665,Palau,2011,0.0
1666,Palau,2012,0.0
1667,Palau,2013,0.0
1668,Palau,2014,0.0
1669,Palau,2015,0.0
1670,Palau,2016,0.0
1674,Papua New Guinea,2011,0.0
1675,Papua New Guinea,2012,0.0
1676,Papua New Guinea,2013,11.0
1677,Papua New Guinea,2014,2584.0
1678,Papua New Guinea,2015,19.0
1679,Papua New Guinea,2016,0.0
1683,Singapore,2011,126.0
1684,Singapore,2012,33.0
1685,Singapore,2013,64.0
1686,Singapore,2014,134.0
1687,Singapore,2015,43.0
1688,Singapore,2016,156.0
1692,Solomon Islands,2011,0.0
1693,Solomon Islands,2012,0.0
1694,Solomon Islands,2013,0.0
1695,Solomon Islands,2014,15.0
1696,Solomon Islands,2015,0.0
1697,Solomon Islands,2016,0.0
1701,Tonga,2011,0.0
1702,Tonga,2012,0.0
1703,Tonga,2013,0.0
1704,Tonga,2014,0.0
1705,Tonga,2015,0.0
1706,Tonga,2016,0.0
1710,Tuvalu,2011,0.0
1711,Tuvalu,2012,0.0
1712,Tuvalu,2013,0.0
1713,Tuvalu,2014,0.0
1714,Tuvalu,2015,0.0
1715,Tuvalu,2016,0.0
1719,Viet Nam,2011,641.0
1720,Viet Nam,2012,581.0
1721,Viet Nam,2013,1276.0
1722,Viet Nam,2014,16004.0
1723,Viet Nam,2015,773.0
1724,Viet Nam,2016,476.0
1728,Vanuatu,2011,0.0
1729,Vanuatu,2012,0.0
1730,Vanuatu,2013,0.0
1731,Vanuatu,2014,5.0
1732,Vanuatu,2015,16.0
1733,Vanuatu,2016,0.0
1737,Samoa,2011,0.0
1738,Samoa,2012,0.0
1739,Samoa,2013,0.0
1740,Samoa,2014,0.0
1741,Samoa,2015,0.0
1742,Samoa,2016,0.0
